Txhash,Blockno,UnixTimestamp,DateTime,From,To,ContractAddress,Value_IN(ETH),Value_OUT(ETH),CurrentValue @ $1652.24/Eth,TxnFee(ETH),TxnFee(USD),Historical $Price/Eth,Status,ErrCode,Method,PrivateNote
0x41161766f30642358bb91d09af2825c3ad6627cc46a20cc58f52ab3de9c65dda,15482432,1662445382,06/09/2022 06:23,0x3dc6fdaa9bac2e97b614279bf6960255459db8b1,0xc6108f89578c8394dda250626d63f9a334a872fa,,0.472928361,0,781.3911554,0.000271639,0.448812647,1558.9,,,Transfer,
0x0e0989801b5d0b2d7a642993649a047c6a7e2f1060e901d4cffc886b5a10706c,15482436,1662445443,06/09/2022 06:24,0xe9eee3d43dbdaca098fdbf9c2cbf88acc98f80ce,0xc6108f89578c8394dda250626d63f9a334a872fa,,0.195188406,0,322.4980923,0.000311594,0.514827704,1558.9,,,Transfer,
0xd89ea31dc3ea6e46e046a0e6682beb2f07122aa6608b60a280eef47883245c38,15482439,1662445530,06/09/2022 06:25,0x6dae58330b8b1103a4e1c64cdcc9e80c7eb025a1,0xc6108f89578c8394dda250626d63f9a334a872fa,,0.402985225,0,665.8283073,0.000314775,0.520084653,1558.9,,,Transfer,
0xbdedb83c58f0d3c529f5104be988598d56c4455891026285d4e00fa121418084,15482450,1662445667,06/09/2022 06:27,0xc03d0e2f4671e046d6f0677b78c8a1d43fd0a73e,0xc6108f89578c8394dda250626d63f9a334a872fa,,0.073480927,0,121.408126,0.000219073,0.36196197,1558.9,,,Transfer,
0xfd8dfdd943723dd4e82ebd5f27e6bff4d570e2a636dc3fcce477ecb2e8f5fce4,15485490,1662486305,06/09/2022 17:45,0xc03d0e2f4671e046d6f0677b78c8a1d43fd0a73e,0xc6108f89578c8394dda250626d63f9a334a872fa,,0.569403667,0,940.7915148,0.000596333,0.985285209,1558.9,,,Transfer,
0xd96485e615d3ed541bf244f200115690e6cd5d4bd2415aee2508ea51b9e65869,15485494,1662486366,06/09/2022 17:46,0x3dc6fdaa9bac2e97b614279bf6960255459db8b1,0xc6108f89578c8394dda250626d63f9a334a872fa,,0.455542341,0,752.6652774,0.000675779,1.116549193,1558.9,,,Transfer,
0x09e60b375eca64cb84a023a30998620e9941515285e0c1e7dbf18767bd68d90b,15485498,1662486440,06/09/2022 17:47,0xe9eee3d43dbdaca098fdbf9c2cbf88acc98f80ce,0xc6108f89578c8394dda250626d63f9a334a872fa,,1.043550254,0,1724.195471,0.000849746,1.403984501,1558.9,,,Transfer,
0x97afbc59b231fe229ad41e95d72afb8032c6d807a7a21f55d0e02c42c14f86f6,15485500,1662486491,06/09/2022 17:48,0x6dae58330b8b1103a4e1c64cdcc9e80c7eb025a1,0xc6108f89578c8394dda250626d63f9a334a872fa,,0.630428143,0,1041.618594,0.000871857,1.44051766,1558.9,,,Transfer,
0x16cafab5290d7ee49a4037aae6b07a78452e4d50482c2262db1d9f04bd83dcf0,15490416,1662555421,07/09/2022 12:57,0xf424808b8b4cf37cd2b1a4fc0b5ec038a747bda8,0xc6108f89578c8394dda250626d63f9a334a872fa,,0.379658772,0,627.2874101,0.000441228,0.729013908,1630,,,Transfer,
0xe9eb25c249d78c6da16be4993c75a89a8b44ce1e341a1fab525f4466d4a171ac,15492007,1662576762,07/09/2022 18:52,0x3dc6fdaa9bac2e97b614279bf6960255459db8b1,0xc6108f89578c8394dda250626d63f9a334a872fa,,0.750443955,0,1239.91352,0.000656045,1.083944307,1630,,,Transfer,
0xf5a1237ac98dde1877cf305c8133d31d54f1f27f6c029787ffdfa4ad1d75a017,15496551,1662639864,08/09/2022 12:24,0x0bf8c4563eedf99c09a091c0a04ed30cea9dce5e,0xc6108f89578c8394dda250626d63f9a334a872fa,,0.132855842,0,219.5097371,0.000295438,0.488133739,1635.6,,,Transfer,
0x489d4c86471440fec0aa78e7ed0a420a65706c1ef67c35eccb4d94e24fc8a442,15502944,1662729516,09/09/2022 13:18,0xf424808b8b4cf37cd2b1a4fc0b5ec038a747bda8,0xc6108f89578c8394dda250626d63f9a334a872fa,,0.160363094,0,264.9583182,0.000952156,1.57319043,1719.35,,,Transfer,
0x2285aec1e71a4c67f867f5df05816fe53d8c933ba9ef507d370f8f3daad2b176,15507649,1662796364,10/09/2022 07:52,0xc6108f89578c8394dda250626d63f9a334a872fa,0x1ba4a34728c3cc1f09bca327ff2a2e11e60a7d04,,0,1,1652.24,0.000201108,0.332278465,1774.69,,,Transfer,
0x05d936788729b166904563eddaab997a72a73e749826b99aaea31c7c99f5a7bf,15528000,1663087413,13/09/2022 16:43,0xc03d0e2f4671e046d6f0677b78c8a1d43fd0a73e,0xc6108f89578c8394dda250626d63f9a334a872fa,,0.056607916,0,93.52986259,0.000592084,0.978265414,1574.56,,,Transfer,
0xd2bee491b62350d47bc56f6e964bf1dff8da4eb5c66b84d13c93d7a6310ab218,15528009,1663087541,13/09/2022 16:45,0xa644a2d72d3a3744f494fad4e75214a318ea7fae,0xc6108f89578c8394dda250626d63f9a334a872fa,,0.914552452,0,1511.060144,0.000447548,0.73945597,1574.56,,,Transfer,
0x73dadb807fa04753da997926ab56d168fc01606f102973697033e7e8b99dd7a8,15528033,1663087914,13/09/2022 16:51,0x6dae58330b8b1103a4e1c64cdcc9e80c7eb025a1,0xc6108f89578c8394dda250626d63f9a334a872fa,,0.177140135,0,292.6780163,0.000459865,0.759807669,1574.56,,,Transfer,
0x00ef2b55605e19404db049efdf6b8332bb0026f5cd7339496111d940afcd0070,15528128,1663089052,13/09/2022 17:10,0xe9eee3d43dbdaca098fdbf9c2cbf88acc98f80ce,0xc6108f89578c8394dda250626d63f9a334a872fa,,1.027622927,0,1697.879705,0.000218467,0.360959905,1574.56,,,Transfer,
0x46bca1a42536cd4331eecd00f42a3c84936baf9a64a512df69e6663929cc39b6,15532178,1663147665,14/09/2022 09:27,0xc6108f89578c8394dda250626d63f9a334a872fa,0x1ba4a34728c3cc1f09bca327ff2a2e11e60a7d04,,0,0.5,826.12,0.00029784,0.492103682,1639.6,,,Transfer,
0x49392df0747e801010c582b373409c8b242bf7bf50569710c2ebb39e13f788fa,15535720,1663199013,14/09/2022 23:43,0xa644a2d72d3a3744f494fad4e75214a318ea7fae,0xc6108f89578c8394dda250626d63f9a334a872fa,,0.398274347,0,658.0448079,0.000266053,0.43958259,1639.6,,,Transfer,
0x47b1d3e2279ee567a33a1dc536993f2a52fd2927e4756b23689464cc78336437,15535727,1663199073,14/09/2022 23:44,0xc03d0e2f4671e046d6f0677b78c8a1d43fd0a73e,0xc6108f89578c8394dda250626d63f9a334a872fa,,0.603452095,0,997.0476901,0.000247905,0.409597949,1639.6,,,Transfer,
0x081df84440de45a40a28dfa7f5829fcda8fc3f2914a6f444741ad0e1c23bb09f,15535730,1663199134,14/09/2022 23:45,0x6dae58330b8b1103a4e1c64cdcc9e80c7eb025a1,0xc6108f89578c8394dda250626d63f9a334a872fa,,0.98072662,0,1620.395751,0.00027338,0.451688977,1639.6,,,Transfer,
0xc9debbe214c91920f2a53debbb780c6c58a9d0df857fec5102bfed7d95a0cda1,15548498,1663359443,16/09/2022 20:17,0xc03d0e2f4671e046d6f0677b78c8a1d43fd0a73e,0xc6108f89578c8394dda250626d63f9a334a872fa,,0.59771297,0,987.5652782,0.00018703,0.309017758,1433.97,,,Transfer,
0x7949ed42fd371f0c16edc0b643e1e1afa4c65193d32cb8086b6cf607d4f53a82,15548502,1663359491,16/09/2022 20:18,0x6dae58330b8b1103a4e1c64cdcc9e80c7eb025a1,0xc6108f89578c8394dda250626d63f9a334a872fa,,0.250749172,0,414.2978125,0.000226958,0.374988563,1433.97,,,Transfer,
0x7039fe212a8f26feaa449c348646982519e927e74f2cf0675fe6cdfd41164094,15569699,1663616471,19/09/2022 19:41,0xe9eee3d43dbdaca098fdbf9c2cbf88acc98f80ce,0xc6108f89578c8394dda250626d63f9a334a872fa,,1.142417228,0,1887.547441,0.000449102,0.742023842,1376.21,,,Transfer,
0xb9dbabed3ee1ddc6725bda538e14186673b52aff5ce83b3d0aecf46cd912cc25,15569708,1663616579,19/09/2022 19:42,0xf6ecebbd3836218facfa07b4aca68d93cba76947,0xc6108f89578c8394dda250626d63f9a334a872fa,,0.222208134,0,367.1411673,0.000491866,0.812680701,1376.21,,,Transfer,
0x8d29a734437a56521d8730c49d81dae59618243c31ea733ad54a641b9dd68014,15575942,1663692071,20/09/2022 16:41,0xc6108f89578c8394dda250626d63f9a334a872fa,0x11999f4e0baf4d93cbfcbc21095c873fa6ec2d22,,0,10.13693868,16748.65556,0.000855359,1.413258584,1323.07,,,Transfer,
0x8224c655dedd912bc6e3ab4e6137ebb4ba2c4e5e8e5fc2d343b7e83992590a8b,15576002,1663692791,20/09/2022 16:53,0xf6ecebbd3836218facfa07b4aca68d93cba76947,0xc6108f89578c8394dda250626d63f9a334a872fa,,0.92996603,0,1536.527073,0.00043397,0.717022901,1323.07,,,Transfer,
0xf4e6d457bf8cf4cbc1399d15bebb8ec0461014f32b4ad338af1a1170bdb369ce,15576005,1663692827,20/09/2022 16:53,0x3f51f23661ae9daa729dc9e5c1488ee7b35eb0c6,0xc6108f89578c8394dda250626d63f9a334a872fa,,0.809864362,0,1338.090293,0.000535638,0.885003012,1323.07,,,Transfer,
0x35242599c9a396ba6497c956c527bafb1d5a75d57238097f1f71368b4d19b045,15576009,1663692875,20/09/2022 16:54,0x6dae58330b8b1103a4e1c64cdcc9e80c7eb025a1,0xc6108f89578c8394dda250626d63f9a334a872fa,,2.851577133,0,4711.489803,0.000731177,1.208079169,1323.07,,,Transfer,
0x8c890e2b5650c6bf694d6e8ea7fbfb28285a9d1c38fd994a813ebddf2bf129f5,15576013,1663692923,20/09/2022 16:55,0xe9eee3d43dbdaca098fdbf9c2cbf88acc98f80ce,0xc6108f89578c8394dda250626d63f9a334a872fa,,0.36388703,0,601.228707,0.00087089,1.438918776,1323.07,,,Transfer,
0x498012856d91824e7ccff876b67cc5b5e0bdb3ba537054aedaacb589f757cd93,15576018,1663692983,20/09/2022 16:56,0xc03d0e2f4671e046d6f0677b78c8a1d43fd0a73e,0xc6108f89578c8394dda250626d63f9a334a872fa,,0.974171273,0,1609.564744,0.001028727,1.699703969,1323.07,,,Transfer,
0x1036a16bfccc83fa950a0d955f18de5f711b86582f7de040a0d26f3144b811fa,15576029,1663693115,20/09/2022 16:58,0xe64d5a1053d526519b8507c165d9fd7c3445cbde,0xc6108f89578c8394dda250626d63f9a334a872fa,,0.109135746,0,180.3184444,0.000937594,1.549130892,1323.07,,,Transfer,
0x55fabdd36f011cdef0655770368e9048153ec4395763fe9012d66cb641153c4f,15582342,1663770479,21/09/2022 14:27,0xf424808b8b4cf37cd2b1a4fc0b5ec038a747bda8,0xc6108f89578c8394dda250626d63f9a334a872fa,,0.366256116,0,605.1430057,0.000279998,0.462624471,1246.29,,,Transfer,
0xa81675f0f722089e8c0d14039bf6d36549b0388ee28ec3373a6ee6e083ee279b,15587490,1663832915,22/09/2022 07:48,0xc03d0e2f4671e046d6f0677b78c8a1d43fd0a73e,0xc6108f89578c8394dda250626d63f9a334a872fa,,0.483781464,0,799.3230853,0.000118536,0.195850665,1326.15,,,Transfer,
0x69d4acd97beae025c3cb3270ebd244b3b7903c7d253f8613799ea40652ee8967,15587495,1663832975,22/09/2022 07:49,0x6dae58330b8b1103a4e1c64cdcc9e80c7eb025a1,0xc6108f89578c8394dda250626d63f9a334a872fa,,0.069281771,0,114.4701126,0.000118229,0.195343446,1326.15,,,Transfer,
0x19c30d8c644521ef9fe376131f3fe90a42be062de11de4153bbd3fbc456c2b8d,15590115,1663864631,22/09/2022 16:37,0xf6ecebbd3836218facfa07b4aca68d93cba76947,0xc6108f89578c8394dda250626d63f9a334a872fa,,0.329245449,0,543.9925011,0.000354551,0.585802889,1326.15,,,Transfer,
0xa9410ab86c295527da21b48260fa62cd82562a3724eb47096b4be38389067426,15590127,1663864775,22/09/2022 16:39,0xe9eee3d43dbdaca098fdbf9c2cbf88acc98f80ce,0xc6108f89578c8394dda250626d63f9a334a872fa,,0.18449667,0,304.8327781,0.00030333,0.501173881,1326.15,,,Transfer,
0x1f3de4f05c965b4a33654b24997ca3216dc975a4b7c2dc4da5b6d248f17504a4,15590136,1663864883,22/09/2022 16:41,0x6dae58330b8b1103a4e1c64cdcc9e80c7eb025a1,0xc6108f89578c8394dda250626d63f9a334a872fa,,0.420176084,0,694.2317337,0.000294266,0.486197351,1326.15,,,Transfer,
0x75cf52aa5e195e5b920359eadf5ff24e194e192a88a8f9ed652adda5e3f1faf7,15590145,1663864991,22/09/2022 16:43,0x9e10b6125a8378816491736b91bf22895a61ffee,0xc6108f89578c8394dda250626d63f9a334a872fa,,0.177114293,0,292.6353202,0.000285707,0.472055831,1326.15,,,Transfer,
0xdef671bfd8389009cf6c63959307d1253539370b4bc5dd0fc5b5a47a54187a18,15597586,1663954703,23/09/2022 17:38,0xe9eee3d43dbdaca098fdbf9c2cbf88acc98f80ce,0xc6108f89578c8394dda250626d63f9a334a872fa,,0.803321107,0,1327.279266,0.000178893,0.295574184,1326.95,,,Transfer,
0x51fac83429f387dc094b23928e4dc3535b63b69cfa6f32121cfb0d0dcc197b72,15597595,1663954811,23/09/2022 17:40,0xc03d0e2f4671e046d6f0677b78c8a1d43fd0a73e,0xc6108f89578c8394dda250626d63f9a334a872fa,,0.851301139,0,1406.553795,0.000256821,0.42432912,1326.95,,,Transfer,
0x34aed3b1b0a2105d4036cddbcfe6d5f5b4eaa7bc3fac9376f781e6622832925f,15597613,1663955027,23/09/2022 17:43,0xf6ecebbd3836218facfa07b4aca68d93cba76947,0xc6108f89578c8394dda250626d63f9a334a872fa,,1.469770088,0,2428.41293,0.000276052,0.456104631,1326.95,,,Transfer,
0x50c7652e5a2a0805201ffbe7682c4ad99f9548c7ad5265a3a7eca52c063d451f,15614631,1664160131,26/09/2022 02:42,0xc6108f89578c8394dda250626d63f9a334a872fa,0x1ba4a34728c3cc1f09bca327ff2a2e11e60a7d04,,0,11.19320035,18493.85334,0.000145407,0.240246912,1336.65,,,Transfer,
0x5050f142b1f6326ae96885c92c245718c625e2d8bb150e97189f4a403826f694,15614727,1664161283,26/09/2022 03:01,0xf6ecebbd3836218facfa07b4aca68d93cba76947,0xc6108f89578c8394dda250626d63f9a334a872fa,,0.083888471,0,138.6038876,0.000111529,0.184272438,1336.65,,,Transfer,
0xcdcb069561d7225c170c7158eb5f9179a331732572cc7f475531983d893c0bdf,15614750,1664161559,26/09/2022 03:05,0x6dae58330b8b1103a4e1c64cdcc9e80c7eb025a1,0xc6108f89578c8394dda250626d63f9a334a872fa,,0.04195009,0,69.31161594,0.00014991,0.247688059,1336.65,,,Transfer,
0x35643e94f59d7ee212e8f3f0e92cfe96bbadb56cad17549163189b2de19dc394,15619830,1664222987,26/09/2022 20:09,0xf6ecebbd3836218facfa07b4aca68d93cba76947,0xc6108f89578c8394dda250626d63f9a334a872fa,,0.61318018,0,1013.120821,0.00051982,0.858867261,1336.65,,,Transfer,
0x04bcf5ca2656f43d44294fc57bb491b46a7766958b4571a45bb110744edb00b5,15626463,1664303123,27/09/2022 18:25,0xc6108f89578c8394dda250626d63f9a334a872fa,0x1ba4a34728c3cc1f09bca327ff2a2e11e60a7d04,,0,0.738430751,1220.064824,0.00058799,0.971500552,1328.11,,,Transfer,
0xe99b8047abb219401847c900b305d118208b46644df9e39e3e79fe3253328b42,15636924,1664429399,29/09/2022 05:29,0x72b64809ace1cbd755e9b2a75ee18994fab80689,0xc6108f89578c8394dda250626d63f9a334a872fa,,0.257743837,0,425.8546765,0.000217814,0.359880232,1335.9,,,Transfer,
0xf2a8cdac80822f034fa3d2b88e443ff18d2b0f42f56a88ba9a3c4cdcddbd3e90,15636932,1664429495,29/09/2022 05:31,0xe07e3f8bd00d4e2ecb9d457626697067e4305fb7,0xc6108f89578c8394dda250626d63f9a334a872fa,,0.970463055,0,1603.437879,0.000308185,0.509194771,1335.9,,,Transfer,
0x7522a08605e9f1307367a2cd6e57c03a9d124eca2ad7fc3760e7cd1acd3c1e2b,15637077,1664431259,29/09/2022 06:00,0xe64d5a1053d526519b8507c165d9fd7c3445cbde,0xc6108f89578c8394dda250626d63f9a334a872fa,,1.151203006,0,1902.063655,0.000222579,0.367754334,1335.9,,,Transfer,
0x0c39120b15617cb656644b98da0d4079c705f97317373c48b2dc54da8a5fcea4,15637093,1664431451,29/09/2022 06:04,0x6dae58330b8b1103a4e1c64cdcc9e80c7eb025a1,0xc6108f89578c8394dda250626d63f9a334a872fa,,0.143989615,0,237.9054012,0.000210385,0.347606832,1335.9,,,Transfer,
0x4619f2812e88b7bf6eda430f23c0ba5f5e23ffa8e734365b2c154eae6077f032,15637102,1664431559,29/09/2022 06:05,0xf6ecebbd3836218facfa07b4aca68d93cba76947,0xc6108f89578c8394dda250626d63f9a334a872fa,,0.502694744,0,830.5723631,0.000205256,0.339132914,1335.9,,,Transfer,
0x7a9a025eba776d75fa2f442dc1eaa0080b7b85c2e4e1fe9b8492e5af21de95c1,15637106,1664431607,29/09/2022 06:06,0xaa2079ec230d5a537b61b1a10a306d9c112cc87b,0xc6108f89578c8394dda250626d63f9a334a872fa,,1.390954095,0,2298.189994,0.000223165,0.368721691,1335.9,,,Transfer,
0xa5864781b695ac5338851984bfece720415d2d3d2bc848bb398b26de43f52452,15644662,1664522915,30/09/2022 07:28,0xaa2079ec230d5a537b61b1a10a306d9c112cc87b,0xc6108f89578c8394dda250626d63f9a334a872fa,,2.044917543,0,3378.694561,0.000282457,0.466686535,1328.7,,,Transfer,
0x763f33149bcada8abfb4c20e37d1ee3a0cbc5bdff44c30d97879c67f5ba695a9,15644669,1664522999,30/09/2022 07:29,0x72b64809ace1cbd755e9b2a75ee18994fab80689,0xc6108f89578c8394dda250626d63f9a334a872fa,,0.152557799,0,252.0620975,0.000248511,0.410600095,1328.7,,,Transfer,
0xe14e18a29c5a7ede1df32a7298ab4500d93ac7c6bfc613036f6996a341d29945,15644673,1664523047,30/09/2022 07:30,0x3f51f23661ae9daa729dc9e5c1488ee7b35eb0c6,0xc6108f89578c8394dda250626d63f9a334a872fa,,0.481472864,0,795.5087254,0.000265066,0.437952085,1328.7,,,Transfer,
0x88d6c1ae27dd3ba96f06f0cc99e2a00d9233a737c74cec3958947e4d4fb3c896,15644677,1664523095,30/09/2022 07:31,0xf6ecebbd3836218facfa07b4aca68d93cba76947,0xc6108f89578c8394dda250626d63f9a334a872fa,,1.273533827,0,2104.183531,0.000266173,0.439781172,1328.7,,,Transfer,
0xcacde12f657c04c1fe71893c6149075beb5c374744c708645ecaf2d036425394,15646107,1664540351,30/09/2022 12:19,0xc6108f89578c8394dda250626d63f9a334a872fa,0x1ba4a34728c3cc1f09bca327ff2a2e11e60a7d04,,0,1.41,2329.6584,0.000291621,0.481828356,1328.7,,,Transfer,
0xfc7927464cf2e312395d58ba90e64c89ec39b38f741370d84061946b666b7c9b,15652805,1664621195,01/10/2022 10:46,0x6dae58330b8b1103a4e1c64cdcc9e80c7eb025a1,0xc6108f89578c8394dda250626d63f9a334a872fa,,1.367086736,0,2258.755389,0.000113264,0.187139266,1311.8,,,Transfer,
0xd4650df45f65daa174aa7061da8779e53c6ce4263efb327d6d4d7e8289b8e61a,15652809,1664621243,01/10/2022 10:47,0xf6ecebbd3836218facfa07b4aca68d93cba76947,0xc6108f89578c8394dda250626d63f9a334a872fa,,1.136299522,0,1877.439522,0.000112358,0.185642304,1311.8,,,Transfer,
0x2463e1bc62b78fb51ce2fd49caf3e610a18b289fa79891006803ef02b6e07297,15652841,1664621627,01/10/2022 10:53,0x72b64809ace1cbd755e9b2a75ee18994fab80689,0xc6108f89578c8394dda250626d63f9a334a872fa,,0.1184465,0,195.7020457,9.65097E-05,0.159457175,1311.8,,,Transfer,
0x284b9d93cb7a95063ce47a79a615a0b551f67588b3e840ec0ee9ebf12eaa244c,15652845,1664621675,01/10/2022 10:54,0x6f7e7e74c5c6ed0fd7941ee26a072fa2cab0997e,0xc6108f89578c8394dda250626d63f9a334a872fa,,1.010730457,0,1669.96929,9.42332E-05,0.155695867,1311.8,,,Transfer,
0x33094a267b594f2ace9b5f5333ef13c75198108c69c81b25e51ba97f6f288a52,15652852,1664621759,01/10/2022 10:55,0xaa2079ec230d5a537b61b1a10a306d9c112cc87b,0xc6108f89578c8394dda250626d63f9a334a872fa,,1.276335662,0,2108.812834,0.000105658,0.174572099,1311.8,,,Transfer,
0xda0b5f0f844a51968e85ae528ac034ffe93628b6126672a305d1cab4824dc459,15669777,1664826107,03/10/2022 19:41,0xf6ecebbd3836218facfa07b4aca68d93cba76947,0xc6108f89578c8394dda250626d63f9a334a872fa,,0.365438312,0,603.7917966,0.000361688,0.597595414,1323.32,,,Transfer,
0x948b6b1d8a208fa54f38877f2308666f9b0b9f87af330142ef7eb35a656e903d,15669779,1664826131,03/10/2022 19:42,0x72b64809ace1cbd755e9b2a75ee18994fab80689,0xc6108f89578c8394dda250626d63f9a334a872fa,,1.412218114,0,2333.323256,0.000381886,0.630967627,1323.32,,,Transfer,
0xd8a519707c26b159722dcdcc2cf75c4cea274aa3202836e1479effcdfda8a1c6,15669785,1664826203,03/10/2022 19:43,0xaa2079ec230d5a537b61b1a10a306d9c112cc87b,0xc6108f89578c8394dda250626d63f9a334a872fa,,0.808131468,0,1335.227137,0.000386262,0.638197017,1323.32,,,Transfer,
0x456e5c7469edc0ae64f6ca577a994dd6d3a2c83d26c256ed653c2bc9500f048d,15674628,1664884775,04/10/2022 11:59,0xc6108f89578c8394dda250626d63f9a334a872fa,0x1ba4a34728c3cc1f09bca327ff2a2e11e60a7d04,,0,10,16522.4,0.000193287,0.319356714,1361.9,,,Transfer,
0x9e069e4466385d42b25be199c35170072a407c9ca6b0d7f56173601833164c28,15674640,1664884919,04/10/2022 12:01,0xc6108f89578c8394dda250626d63f9a334a872fa,0xe07d076f494103b88809c7ebd0ba296c25ab4f48,,0,4.453514498,7358.274795,0.000217751,0.359776281,1361.9,,,Transfer,
0x9e74d536d2dac934cd747d8f66f44427d3c8af9433876cf04e7a262760ef2184,15681356,1664966279,05/10/2022 10:37,0xe64d5a1053d526519b8507c165d9fd7c3445cbde,0xc6108f89578c8394dda250626d63f9a334a872fa,,0.505747925,0,835.6169513,0.000331351,0.547471581,1352.44,,,Transfer,
0xb9446adc055b1a26fff4b691643ed6a384107ef96320b360cec4aff15a717780,15681370,1664966447,05/10/2022 10:40,0xe07e3f8bd00d4e2ecb9d457626697067e4305fb7,0xc6108f89578c8394dda250626d63f9a334a872fa,,0.194375795,0,321.1554637,0.000250925,0.414588202,1352.44,,,Transfer,
0x48bb77b4f54fbe86dd91939498e810383dd4f74a988105f638c2ef039aae8d66,15687232,1665037187,06/10/2022 06:19,0xf6ecebbd3836218facfa07b4aca68d93cba76947,0xc6108f89578c8394dda250626d63f9a334a872fa,,0.343706784,0,567.8860967,9.3216E-05,0.154015283,1352.4,,,Transfer,
0x6b75839c8ce2f5e0ef29629a88a4240f62ab8685e0655102ef2de148328c8a6d,15687241,1665037295,06/10/2022 06:21,0x3f51f23661ae9daa729dc9e5c1488ee7b35eb0c6,0xc6108f89578c8394dda250626d63f9a334a872fa,,0.347209058,0,573.6726941,9.09419E-05,0.150257905,1352.4,,,Transfer,
0xc3ed8d38196f4b4051d5a96a074538d198db88f59eff10142c82ce071ce8d397,15687246,1665037355,06/10/2022 06:22,0x6f7e7e74c5c6ed0fd7941ee26a072fa2cab0997e,0xc6108f89578c8394dda250626d63f9a334a872fa,,0.428705217,0,708.3239072,9.47833E-05,0.156604779,1352.4,,,Transfer,
0xc349be258bd6d26ebc9967cb1442e441b330916df2c73dd94192f76ae365138e,15688575,1665053423,06/10/2022 10:50,0xc6108f89578c8394dda250626d63f9a334a872fa,0x1ba4a34728c3cc1f09bca327ff2a2e11e60a7d04,,0,0.148,244.53152,0.000139022,0.229698384,1352.4,,,Transfer,
0x25ede23defed8f40eaa9d6ae35b1dd2508cd67a67f759661e0ce0d8d46460200,15690209,1665073211,06/10/2022 16:20,0xf6ecebbd3836218facfa07b4aca68d93cba76947,0xc6108f89578c8394dda250626d63f9a334a872fa,,1.05569281,0,1744.257889,0.00060719,1.003223212,1352.4,,,Transfer,
0x5da6ddfec7662c80f4d73dabd03bf2e4bbf11807f5fb7295a0f74970a7fb7ad8,15690222,1665073367,06/10/2022 16:22,0x3f51f23661ae9daa729dc9e5c1488ee7b35eb0c6,0xc6108f89578c8394dda250626d63f9a334a872fa,,0.375294303,0,620.076259,0.000505697,0.835532991,1352.4,,,Transfer,
0xa1b7aa2c7628aed5e1075cd31461e74d556dda461ea589858c2255b65dae7c6d,15698659,1665175319,07/10/2022 20:41,0x6dae58330b8b1103a4e1c64cdcc9e80c7eb025a1,0xc6108f89578c8394dda250626d63f9a334a872fa,,0.164568009,0,271.9058479,0.000187511,0.309812449,1331.14,,,Transfer,
0x9d643d78380e2dc6e3753a0ac3f01ee70126716b8c89a219e7506db092739cb7,15698668,1665175427,07/10/2022 20:43,0xf6ecebbd3836218facfa07b4aca68d93cba76947,0xc6108f89578c8394dda250626d63f9a334a872fa,,0.782254987,0,1292.47298,0.000163203,0.269650193,1331.14,,,Transfer,
0xb9b3af8d4b964dae7af20fa657d3ed84ae65261fbd9e49c78bafd1dc31ecc5bb,15698674,1665175499,07/10/2022 20:44,0x3f51f23661ae9daa729dc9e5c1488ee7b35eb0c6,0xc6108f89578c8394dda250626d63f9a334a872fa,,1.386430583,0,2290.716066,0.000144687,0.239058156,1331.14,,,Transfer,
0xd504950d56da7a48c6e3f2cec56b3e9f945444969e78b61c48b5fc44a864fbeb,15698681,1665175583,07/10/2022 20:46,0x6f7e7e74c5c6ed0fd7941ee26a072fa2cab0997e,0xc6108f89578c8394dda250626d63f9a334a872fa,,1.836034639,0,3033.569873,0.000137961,0.227943895,1331.14,,,Transfer,
0x5c46f6b8c256c11042e6293f12a3fe9e1993c724401aece1dd8e184fbe949dc3,15698687,1665175655,07/10/2022 20:47,0xaa2079ec230d5a537b61b1a10a306d9c112cc87b,0xc6108f89578c8394dda250626d63f9a334a872fa,,0.685460305,0,1132.544934,0.000139695,0.230809913,1331.14,,,Transfer,
0x6162c1b2a6d7bc363d2c7cd978c5a1e1cc902d844fdd7294c585d84c9d78191f,15705190,1665254027,08/10/2022 18:33,0x72b64809ace1cbd755e9b2a75ee18994fab80689,0xc6108f89578c8394dda250626d63f9a334a872fa,,0.14678075,0,242.5170257,0.00187593,3.09948731,1315.47,,,Transfer,
0x67be98134b5bcc73d99672d02521d660325c4c31d7963c75dd49be97a8889efd,15705192,1665254051,08/10/2022 18:34,0xe07e3f8bd00d4e2ecb9d457626697067e4305fb7,0xc6108f89578c8394dda250626d63f9a334a872fa,,0.544003561,0,898.8244444,0.001857129,3.068422,1315.47,,,Transfer,
0x455f87a36c2470c61199584a343fae6fb494aa303468bfa35fad833410594bc2,15709418,1665304991,09/10/2022 08:43,0xc6108f89578c8394dda250626d63f9a334a872fa,0x1ba4a34728c3cc1f09bca327ff2a2e11e60a7d04,,0,3,4956.72,0.00072239,1.193562478,1323.41,,,Transfer,
0xb9c9054ef8a5ebc9a8516ea620d50db2fe1d16b06a4b37abb69237a7a1e1e32e,15709439,1665305243,09/10/2022 08:47,0xc6108f89578c8394dda250626d63f9a334a872fa,0x382e1e214649b3070e7d314aae756de1aba73189,,0,0.077,127.22248,0.000700759,1.157821625,1323.41,,,Transfer,
0x6bacfa5aca03648251603902770b2cb2f04d468e57b4cb6a5162538203829bd1,15719568,1665427451,10/10/2022 18:44,0x3f51f23661ae9daa729dc9e5c1488ee7b35eb0c6,0xc6108f89578c8394dda250626d63f9a334a872fa,,0.211513438,0,349.4709626,0.000886562,1.464813369,1290.04,,,Transfer,
0x511d348b5533d358d897b27c0f99ee84fea915f5bba458ac4b37f2e0983ba7da,15719577,1665427571,10/10/2022 18:46,0x6f7e7e74c5c6ed0fd7941ee26a072fa2cab0997e,0xc6108f89578c8394dda250626d63f9a334a872fa,,0.084150049,0,139.0360771,0.000949951,1.569546903,1290.04,,,Transfer,
0xac3de1a3109e580398c2c22dce60b06f12b73cae78e6c9d4fb292d810398e0a6,15719584,1665427655,10/10/2022 18:47,0xaa2079ec230d5a537b61b1a10a306d9c112cc87b,0xc6108f89578c8394dda250626d63f9a334a872fa,,0.400512221,0,661.7423128,0.000918349,1.51733219,1290.04,,,Transfer,
0x527ccad5aebea4847cecd5b5f619dd67131535091a61c3eed5ba79e5a4bc8fc5,15719611,1665427979,10/10/2022 18:52,0x72b64809ace1cbd755e9b2a75ee18994fab80689,0xc6108f89578c8394dda250626d63f9a334a872fa,,1.124692077,0,1858.261238,0.000813713,1.344448369,1290.04,,,Transfer,
0x2f022fa6d8896d406c488010f189831cff35255bfe4fda5060d028aefbd1bd38,15719617,1665428051,10/10/2022 18:54,0xa1c7fb8cb261ae26c0aefcd9edecba7860ba69c2,0xc6108f89578c8394dda250626d63f9a334a872fa,,1.926063368,0,3182.31894,0.000936632,1.547540475,1290.04,,,Transfer,
0xde168ba5c91a1d91064753676f3826d21e3c3fe2b783b317e13f6949df7f86c6,15768112,1666013171,17/10/2022 13:26,0xc6108f89578c8394dda250626d63f9a334a872fa,0x210736ec7697f812a3cf56c48f567f9136ed69d8,,0,9.316040497,15392.33475,0.000593212,0.980127931,1331.52,,,Transfer,
0x1f94834f335c468ebc3e5382f88c394eef25c87e196a0b0fbc7bdbf9b7598147,15844127,1666930787,28/10/2022 04:19,0x238880c89bf94f8f314231df5bf8f818ddf8df78,0xc6108f89578c8394dda250626d63f9a334a872fa,,0.233392007,0,385.61961,0.000307993,0.508878048,1555.12,,,Transfer,
0x03abfed60229a537e2004af64bf38aa70112f1cda0089437b50ea55c97d2dc02,15844143,1666930979,28/10/2022 04:22,0x6f7e7e74c5c6ed0fd7941ee26a072fa2cab0997e,0xc6108f89578c8394dda250626d63f9a334a872fa,,0.31386178,0,518.5749882,0.00033822,0.55881984,1555.12,,,Transfer,
0x0d753dbdbeb996fe82e96cc651b3e6c32d3124eb638926c68db7f70548e564ef,15844151,1666931075,28/10/2022 04:24,0xaa2079ec230d5a537b61b1a10a306d9c112cc87b,0xc6108f89578c8394dda250626d63f9a334a872fa,,0.314199153,0,519.1324079,0.000300847,0.497072117,1555.12,,,Transfer,
0x9cd7213188517624cbc50d77aa6a34d910e989e5b85b2ee4579811c2a813acaa,15846599,1666960583,28/10/2022 12:36,0xc6108f89578c8394dda250626d63f9a334a872fa,0x1ba4a34728c3cc1f09bca327ff2a2e11e60a7d04,,0,0.861107379,1422.756057,0.000345561,0.570949453,1555.12,,,Transfer,
0x6672ca0a413164b5dc03740cc85dfd706ed37bd8c18e9804231bc2be339122cb,15880503,1667369975,02/11/2022 06:19,0xa1c7fb8cb261ae26c0aefcd9edecba7860ba69c2,0xc6108f89578c8394dda250626d63f9a334a872fa,,0.29756821,0,491.6540998,0.00023179,0.382972245,1518.33,,,Transfer,
0x73da0b13c5b26d8ee5c599b6ea495ab62f91d0a3a645c4d0365269f112d20d41,15880507,1667370023,02/11/2022 06:20,0x5c0695a65b8d32c4c29bf703669c05b11e658b22,0xc6108f89578c8394dda250626d63f9a334a872fa,,0.603647451,0,997.3704652,0.000239839,0.396270862,1518.33,,,Transfer,
0xba6beeaf6cf6a52bd853bd2aa8962c969e0446cc1296c49077a710a86c4b7058,15890278,1667488007,03/11/2022 15:06,0xa1c7fb8cb261ae26c0aefcd9edecba7860ba69c2,0xc6108f89578c8394dda250626d63f9a334a872fa,,0.182745351,0,301.9391795,0.000554649,0.916412523,1530.87,,,Transfer,
0x0f135b94b5bd2653920c0a38fe79b2fd597ab445ef441d64bbe31f5f7cc1dcff,15917038,1667810735,07/11/2022 08:45,0x6f7e7e74c5c6ed0fd7941ee26a072fa2cab0997e,0xc6108f89578c8394dda250626d63f9a334a872fa,,0.245437301,0,405.5213262,0.000274979,0.454331307,1568.45,,,Transfer,
0xff928aeaa1d01ac585925661df417a696bb11c1e788f91c669b7cdc2e936ded1,15917074,1667811167,07/11/2022 08:52,0xa1c7fb8cb261ae26c0aefcd9edecba7860ba69c2,0xc6108f89578c8394dda250626d63f9a334a872fa,,0.226219436,0,373.768801,0.000280564,0.463559025,1568.45,,,Transfer,
0xd0ea99e35f35f095344f64088595a52861ac869527c7f2c27e7968ca35f70a78,15917080,1667811239,07/11/2022 08:53,0x5c0695a65b8d32c4c29bf703669c05b11e658b22,0xc6108f89578c8394dda250626d63f9a334a872fa,,0.502457026,0,830.1795969,0.000253974,0.419625697,1568.45,,,Transfer,
0x249251835e49d38ab388035e83a12363782ea787a4a2d234cbecf77e189bf967,15941719,1668108659,10/11/2022 19:30,0x826ecd3932fa70f15ed25fa44f9177ec5ebe582b,0xc6108f89578c8394dda250626d63f9a334a872fa,,0.241739001,0,399.4108462,0.000560999,0.926905779,1296.01,,,Transfer,
0x8309d79e382577cedfabd579c45cf3f5006155d0709941f231f9ba62c70825d7,15994310,1668743303,18/11/2022 03:48,0xe07e3f8bd00d4e2ecb9d457626697067e4305fb7,0xc6108f89578c8394dda250626d63f9a334a872fa,,0.216012767,0,356.9049348,0.000287233,0.474577239,1210.98,,,Transfer,
0xfc39b371a5b9dec53a7d672d487ba11b8b543edf7eecbc9d1ee42f0fe741630c,16009925,1668931595,20/11/2022 08:06,0x00e3b451f40d74212e00f7ecea3ef3ed966718fa,0xc6108f89578c8394dda250626d63f9a334a872fa,,0.133736313,0,220.9644856,0.000279297,0.461465887,1140.47,,,Transfer,
0xe8b13c5abd61ca048c30c115d447a8bdc55da67426af1f3c0cde6080a0d40475,16016704,1669013351,21/11/2022 06:49,0xc6108f89578c8394dda250626d63f9a334a872fa,0x24e1a5b66203ff52e2d177fb23497d5df29b02f4,,0,2.649305462,4377.288457,0.000257199,0.4249543,1105.99,,,Transfer,
0x09edfea81ba27a7c68d77176ff9c2e15a988cfa096a5177c76d515d12b63108b,16019927,1669052243,21/11/2022 17:37,0x00e3b451f40d74212e00f7ecea3ef3ed966718fa,0xc6108f89578c8394dda250626d63f9a334a872fa,,1.562476453,0,2581.586094,0.000623547,1.030249816,1105.99,,,Transfer,
0x8678b4655afabd0427ae6e549f75fe1f6bbbd038695eef240bcc732ffc0807c8,16020219,1669055771,21/11/2022 18:36,0xcad621da75a66c7a8f4ff86d30a2bf981bfc8fdd,0xc6108f89578c8394dda250626d63f9a334a872fa,,2.65,0,4378.436,0.000395245,0.653039869,1105.99,,,Transfer,
0xae34fa6dfac79960f29802a4662518fb37a22d1d059426501001708d8845f0e2,16026900,1669136483,22/11/2022 17:01,0xaa2079ec230d5a537b61b1a10a306d9c112cc87b,0xc6108f89578c8394dda250626d63f9a334a872fa,,0.432322458,0,714.3004582,0.000432142,0.714002097,1137.75,,,Transfer,
0xd0587df85248e7467be871ce11b95b3893717c2eca547c9bb5939d1784019915,16033895,1669220951,23/11/2022 16:29,0x6f7e7e74c5c6ed0fd7941ee26a072fa2cab0997e,0xc6108f89578c8394dda250626d63f9a334a872fa,,1.653399429,0,2731.812673,0.000401111,0.662731699,1183.69,,,Transfer,
0xd1313782e4c36c890817380e4f4fa167651cf3f514d7bf6c09c0ef188d3f70f3,16033909,1669221119,23/11/2022 16:31,0xa1c7fb8cb261ae26c0aefcd9edecba7860ba69c2,0xc6108f89578c8394dda250626d63f9a334a872fa,,0.857247393,0,1416.378433,0.000352607,0.582591304,1183.69,,,Transfer,
0x278bc919472e4a68b0bcd8ca5782358d5a3c69c0041070ac52d3d3daa137c459,16033915,1669221191,23/11/2022 16:33,0x00e3b451f40d74212e00f7ecea3ef3ed966718fa,0xc6108f89578c8394dda250626d63f9a334a872fa,,0.155572505,0,257.0431162,0.000327495,0.541099773,1183.69,,,Transfer,
0xd296d2fbd925df32565f189b08119e7c84cbd94216644f4ed9309a1c827ee85d,16033917,1669221215,23/11/2022 16:33,0x5c0695a65b8d32c4c29bf703669c05b11e658b22,0xc6108f89578c8394dda250626d63f9a334a872fa,,1.286486747,0,2125.584863,0.000313253,0.517568925,1183.69,,,Transfer,
0x6af512f87aaf4089ecb4f2e104307d4f378c5cf8a79c73618f49f63aba703043,16033924,1669221299,23/11/2022 16:34,0x0fb7e13b7c0254375ef0f42a85f86981562acf7c,0xc6108f89578c8394dda250626d63f9a334a872fa,,0.155503207,0,256.9286179,0.000296793,0.490374079,1183.69,,,Transfer,
0xc735a48a957cc1b0400320bcff1d2385694091956875a98557bc79815f6c2e46,16038642,1669278467,24/11/2022 08:27,0xc6108f89578c8394dda250626d63f9a334a872fa,0x382e1e214649b3070e7d314aae756de1aba73189,,0,0.05,82.612,0.000311079,0.513976635,1202.96,,,Transfer,
0xc3a300887b3fc0e6c45cdd06e996a90e82a0cae6deb5b998c089b417b32be0c8,16048832,1669401455,25/11/2022 18:37,0x5c0695a65b8d32c4c29bf703669c05b11e658b22,0xc6108f89578c8394dda250626d63f9a334a872fa,,1.012456453,0,1672.821051,0.000243547,0.40239748,1198.4,,,Transfer,
0x78b8244241e5c2996d9a7b9d90ddd6aed938011e3174b38f1392df49ab628d7f,16048838,1669401527,25/11/2022 18:38,0x826ecd3932fa70f15ed25fa44f9177ec5ebe582b,0xc6108f89578c8394dda250626d63f9a334a872fa,,0.674841665,0,1115.000392,0.000258335,0.42683168,1198.4,,,Transfer,
0xaab29899a4d0edd5745f408a63d3c4b8ba0f190015233dbecdee421acc6a8562,16055888,1669486559,26/11/2022 18:15,0x7cd29eeed887b8f9a15d5d0a9d59dd7c9ede8875,0xc6108f89578c8394dda250626d63f9a334a872fa,,0.4119549,0,680.6483645,0.0002451,0.404963542,1204.94,,,Transfer,
0x4c59ab7bbd73e24643d2856b0581e7ca73b4ade928538559048c20a994fa8c77,16055900,1669486703,26/11/2022 18:18,0x72b64809ace1cbd755e9b2a75ee18994fab80689,0xc6108f89578c8394dda250626d63f9a334a872fa,,0.383554751,0,633.7245015,0.000245249,0.405210488,1204.94,,,Transfer,
0x7b579f55253e5dcacb00be347561542bc2a45994dbecd3a4aaa935a5dd1a985f,16067111,1669621943,28/11/2022 07:52,0xc6108f89578c8394dda250626d63f9a334a872fa,0xdd4f9f31f5e07d76a284574b943ef4231513a1eb,,0,0.043,71.04632,0.000223395,0.369102421,1167.3,,,Transfer,
0x0e29d707ab191b26d12133af797666432c2783e34ed1ee64f9bd968fcd0aaf9d,16067250,1669623635,28/11/2022 08:20,0xc6108f89578c8394dda250626d63f9a334a872fa,0x1ba4a34728c3cc1f09bca327ff2a2e11e60a7d04,,0,7,11565.68,0.000233824,0.386333405,1167.3,,,Transfer,
0xe84e268a7158e766f3c4309045f9bed969241b36d677428514d1a43cbdf0a716,16076676,1669737323,29/11/2022 15:55,0xaa2079ec230d5a537b61b1a10a306d9c112cc87b,0xc6108f89578c8394dda250626d63f9a334a872fa,,0.78203788,0,1292.114267,0.00028809,0.475994064,1215.7,,,Transfer,
0xafcf9306852dee85c9f6525b01628264a8eddce4126e1582099b9cf84319555b,16091087,1669911371,01/12/2022 16:16,0xc6108f89578c8394dda250626d63f9a334a872fa,0x9e10b6125a8378816491736b91bf22895a61ffee,,0,4.923738684,8135.198003,0.000347055,0.573418073,1276.36,,,Transfer,
0x953c70947acf86a6c42684bd4b80e812223aaf45ae5426b1c8b93314dbd06ebb,16091128,1669911863,01/12/2022 16:24,0x01dbe76cde7ec8d7b20592e4f8251f9196aa9738,0xc6108f89578c8394dda250626d63f9a334a872fa,,0.666267062,0,1100.833091,0.000372558,0.61555501,1276.36,,,Transfer,
0x14b5062b0a41abb8469462145503a13701fd7948d718db85fe53cd4e1710a595,16091129,1669911875,01/12/2022 16:24,0xa1c7fb8cb261ae26c0aefcd9edecba7860ba69c2,0xc6108f89578c8394dda250626d63f9a334a872fa,,0.156734516,0,258.9630371,0.000374855,0.619350347,1276.36,,,Transfer,
0x59e5977c92b2bb371569d03c141333d9a9b5d64a477bf688798a71f674f0b0a1,16120640,1670268119,05/12/2022 19:21,0x01dbe76cde7ec8d7b20592e4f8251f9196aa9738,0xc6108f89578c8394dda250626d63f9a334a872fa,,1.144867483,0,1891.59585,0.000769797,1.271889433,1258.65,,,Transfer,
0xf8b909e200deb5f590616096eb43497a2af6352eeec40480b1067373973a5a6b,16120642,1670268143,05/12/2022 19:22,0x7cd29eeed887b8f9a15d5d0a9d59dd7c9ede8875,0xc6108f89578c8394dda250626d63f9a334a872fa,,0.396275927,0,654.7429368,0.000724073,1.196343159,1258.65,,,Transfer,
0xe1ba1a14fff3dc887b3f4d3b173a783f5462d99d5507f6c1b2bac0f503db8604,16131481,1670399591,07/12/2022 07:53,0x5c0695a65b8d32c4c29bf703669c05b11e658b22,0xc6108f89578c8394dda250626d63f9a334a872fa,,0.240968007,0,398.1369802,0.000331993,0.548531777,1231.35,,,Transfer,
0x51d54eb556250369ff394ebbdc891101b67e66bff8ff3020e78da93150f58027,16135472,1670447999,07/12/2022 21:19,0x7cd29eeed887b8f9a15d5d0a9d59dd7c9ede8875,0xc6108f89578c8394dda250626d63f9a334a872fa,,0.412046417,0,680.7995725,0.000353583,0.584203459,1231.35,,,Transfer,
0x71279377da92c4e832b7da188d5dd787a7edeb15c9d9fbee00dba3825c8fd139,16140077,1670503583,08/12/2022 12:46,0xc6108f89578c8394dda250626d63f9a334a872fa,0xdd4f9f31f5e07d76a284574b943ef4231513a1eb,,0,0.04,66.0896,0.000315245,0.520860245,1280.28,,,Transfer,
0xc6b01de11d3d66876ab4dc29429601510311291d27069fa30f69aae901d303e1,16145689,1670571215,09/12/2022 07:33,0x5c0695a65b8d32c4c29bf703669c05b11e658b22,0xc6108f89578c8394dda250626d63f9a334a872fa,,1.025883425,0,1695.00563,0.000711365,1.175345582,1262.95,,,Transfer,
0x6ad251ec795c064cabc294d009fac5e57b7896e8fdf5bc949c5ecaecb32b6b26,16146404,1670579939,09/12/2022 09:58,0xc6108f89578c8394dda250626d63f9a334a872fa,0x382e1e214649b3070e7d314aae756de1aba73189,,0,0.078,128.87472,0.000420197,0.69426594,1262.95,,,Transfer,
0x411f6cf5b8d043a2fccd4f8e4e208765feccdd62c965abfee16d83ce1ae03c39,16161081,1670757059,11/12/2022 11:10,0x5c0695a65b8d32c4c29bf703669c05b11e658b22,0xc6108f89578c8394dda250626d63f9a334a872fa,,0.238338364,0,393.7921781,0.000361636,0.597509862,1263.27,,,Transfer,
0x893e61c81e3fadff76098ce01b2f6d6f631f017622d058624f275e737a950472,16161087,1670757131,11/12/2022 11:12,0x7cd29eeed887b8f9a15d5d0a9d59dd7c9ede8875,0xc6108f89578c8394dda250626d63f9a334a872fa,,0.319864093,0,528.4922493,0.000335907,0.554998711,1263.27,,,Transfer,
0xcadb0934258bb7e622501eca488d47498ab4d55dcd6f6b4ad74ce39375f6f38f,16170703,1670873231,12/12/2022 19:27,0xa1c7fb8cb261ae26c0aefcd9edecba7860ba69c2,0xc6108f89578c8394dda250626d63f9a334a872fa,,0.244950047,0,404.716265,0.000549953,0.908655041,1275.37,,,Transfer,
0x51ceb748e101087ca748bc149e51c889328004f157c8704e48704000e9cae16e,16170707,1670873279,12/12/2022 19:27,0x01dbe76cde7ec8d7b20592e4f8251f9196aa9738,0xc6108f89578c8394dda250626d63f9a334a872fa,,0.734860036,0,1214.165146,0.000539964,0.892149755,1275.37,,,Transfer,
0x25f10f4499005ff9914afaf24c37a4cb59d2dc0d95e79e52957b1d1121534268,16170714,1670873363,12/12/2022 19:29,0x7cd29eeed887b8f9a15d5d0a9d59dd7c9ede8875,0xc6108f89578c8394dda250626d63f9a334a872fa,,0.653874219,0,1080.35714,0.000525781,0.868716193,1275.37,,,Transfer,
0xca1cccbf24614d6b999ea090f9cdfe843a0d3970cb7f8748db1ccfc3d4a27d15,16170717,1670873399,12/12/2022 19:29,0x5c0695a65b8d32c4c29bf703669c05b11e658b22,0xc6108f89578c8394dda250626d63f9a334a872fa,,0.243698426,0,402.6482874,0.000501574,0.828720561,1275.37,,,Transfer,
0x44aebbd8754563e78237fb7bd8f0b6485c953839da2c49d758725b86797daaec,16181729,1671006335,14/12/2022 08:25,0xa1c7fb8cb261ae26c0aefcd9edecba7860ba69c2,0xc6108f89578c8394dda250626d63f9a334a872fa,,0.476243924,0,786.8692611,0.000356076,0.588322937,1307.5,,,Transfer,
0xf78dbba07d0da0bbcb6222f2661406f41284fbb53d069a053a480db8c8f81487,16188695,1671090431,15/12/2022 07:47,0x01dbe76cde7ec8d7b20592e4f8251f9196aa9738,0xc6108f89578c8394dda250626d63f9a334a872fa,,0.092398731,0,152.6648787,0.000301269,0.497769257,1266.59,,,Transfer,
0x9ac89b29b0ad737e3f1f4b13f0cde9de5c60351f09884c93ef25351b795a1f42,16188698,1671090467,15/12/2022 07:47,0xa1c7fb8cb261ae26c0aefcd9edecba7860ba69c2,0xc6108f89578c8394dda250626d63f9a334a872fa,,1.036002047,0,1711.724022,0.000331793,0.548201836,1266.59,,,Transfer,
0x17ee89c1ec1f61fc422c46131e2a81eea6df7b8779a0a358c65dfa0a099b18e2,16196196,1671180899,16/12/2022 08:54,0x01dbe76cde7ec8d7b20592e4f8251f9196aa9738,0xc6108f89578c8394dda250626d63f9a334a872fa,,0.22347105,0,369.2278071,0.00032895,0.543504887,1167.85,,,Transfer,
0xb5d5fcbaf6158c37cf9232cc4f7a900ea3117c828efa26e257b3070161ae0bd5,16202987,1671262859,17/12/2022 07:40,0x01dbe76cde7ec8d7b20592e4f8251f9196aa9738,0xc6108f89578c8394dda250626d63f9a334a872fa,,0.170321459,0,281.4119266,0.000336436,0.555873356,1187.11,,,Transfer,
0xb361de393726c8d1eb3d364fb5920a27564e5c6db8c822383801b8bfdd52469c,16220451,1671473483,19/12/2022 18:11,0x01dbe76cde7ec8d7b20592e4f8251f9196aa9738,0xc6108f89578c8394dda250626d63f9a334a872fa,,1.11203844,0,1837.354392,0.00036156,0.597383693,1167.68,,,Transfer,
0xab8fda461586446c78d45760cb36a38c610109ab14aba3e1d585ea7456274103,16220459,1671473579,19/12/2022 18:12,0x5c0695a65b8d32c4c29bf703669c05b11e658b22,0xc6108f89578c8394dda250626d63f9a334a872fa,,0.042435498,0,70.11362654,0.000364502,0.602245464,1167.68,,,Transfer,
0xe96028f6b4e36dbb61b81188f771a8d5adcfe9ae1febdb11507c4a76fc8c0ecf,16227528,1671558839,20/12/2022 17:53,0x01dbe76cde7ec8d7b20592e4f8251f9196aa9738,0xc6108f89578c8394dda250626d63f9a334a872fa,,0.755881806,0,1248.898154,0.000519384,0.858147818,1217.55,,,Transfer,
0x7f8ad9062175bed7491ca027e8e0a9b2fc5ed31f6633fcbf50ff3a40d6f4ac5e,16227531,1671558875,20/12/2022 17:54,0x5c0695a65b8d32c4c29bf703669c05b11e658b22,0xc6108f89578c8394dda250626d63f9a334a872fa,,1.209443562,0,1998.291031,0.000499208,0.824811341,1217.55,,,Transfer,
0xef4123170afb4a1b242e3bfb57497d1320ec349b63d8582de18e422bc82c3fd8,16238087,1671686135,22/12/2022 05:15,0xa1c7fb8cb261ae26c0aefcd9edecba7860ba69c2,0xc6108f89578c8394dda250626d63f9a334a872fa,,1.052586438,0,1739.125416,0.000289082,0.477632999,1217.51,,,Transfer,
0x84c5576a04bf6234ce7cf2356366be2b2dcef7e907fa289dd93eaa2cd1b27505,16238090,1671686171,22/12/2022 05:16,0x826ecd3932fa70f15ed25fa44f9177ec5ebe582b,0xc6108f89578c8394dda250626d63f9a334a872fa,,0.088812363,0,146.7393387,0.000287637,0.475245293,1217.51,,,Transfer,
0xd6935b6f9c4ccd24b27cd96996256c33c931c5224d400eaad599e61f90f5ae18,16238094,1671686219,22/12/2022 05:16,0x00e3b451f40d74212e00f7ecea3ef3ed966718fa,0xc6108f89578c8394dda250626d63f9a334a872fa,,0.462256376,0,763.7584754,0.000274374,0.453330939,1217.51,,,Transfer,
0xf12ef686a8bc20205fe5b94f7b0fb913ed7f54bff2f872cc0987efa1679dc9b5,16238098,1671686267,22/12/2022 05:17,0x5c0695a65b8d32c4c29bf703669c05b11e658b22,0xc6108f89578c8394dda250626d63f9a334a872fa,,0.597452383,0,987.1347246,0.000254997,0.421316975,1217.51,,,Transfer,
0xe111dd6ead9722ba4d7672e02b118470be0524e7ba40524098f3f36dac4d4910,16238109,1671686399,22/12/2022 05:19,0x01dbe76cde7ec8d7b20592e4f8251f9196aa9738,0xc6108f89578c8394dda250626d63f9a334a872fa,,0.79963117,0,1321.182604,0.00028082,0.463981899,1217.51,,,Transfer,
0x4d09dfe064523421c9877362b0e3969c48ffa577b71fc21092fe2b1823eb7a93,16239164,1671699107,22/12/2022 08:51,0xc6108f89578c8394dda250626d63f9a334a872fa,0xdd4f9f31f5e07d76a284574b943ef4231513a1eb,,0,0.045,74.3508,0.000252563,0.417294313,1217.51,,,Transfer,
0x6bfde755a8828406503e6022fce263a452878ed323bddda4116e629082b9db99,16245253,1671772451,23/12/2022 05:14,0xe5ecf5a15bd0b1d274d1e591a7f7ab768dfd1192,0xc6108f89578c8394dda250626d63f9a334a872fa,,1.154732405,0,1907.895069,0.000289055,0.477587845,1219.97,,,Transfer,
0x098d05b7128450e789ddc51beb1146294763516e161b04467cb6c882347dabeb,16245644,1671777143,23/12/2022 06:32,0x826ecd3932fa70f15ed25fa44f9177ec5ebe582b,0xc6108f89578c8394dda250626d63f9a334a872fa,,0.168774844,0,278.8565483,0.000325156,0.537235687,1219.97,,,Transfer,
0x9f7d5ab6f61e58258bce3ef4b7c507c737bf157caca92bb4f0d8ab345be540fc,16245646,1671777167,23/12/2022 06:32,0xa1c7fb8cb261ae26c0aefcd9edecba7860ba69c2,0xc6108f89578c8394dda250626d63f9a334a872fa,,1.095194056,0,1809.523427,0.000295874,0.488854943,1219.97,,,Transfer,
0x34d63b528d7cc24ed374a0a66e079e979d97d54a6a664c19bb61801ed7e77f8d,16245654,1671777263,23/12/2022 06:34,0x7cd29eeed887b8f9a15d5d0a9d59dd7c9ede8875,0xc6108f89578c8394dda250626d63f9a334a872fa,,0.794745245,0,1313.109883,0.000254755,0.420917038,1219.97,,,Transfer,
0x23bee1f89fba4c8b56b888b6a9dbfcc4e41321b1d3e43f2d9e4cdb11703cb2b2,16245657,1671777299,23/12/2022 06:34,0x01dbe76cde7ec8d7b20592e4f8251f9196aa9738,0xc6108f89578c8394dda250626d63f9a334a872fa,,0.07933564,0,131.0815179,0.00025737,0.425236959,1219.97,,,Transfer,
0x6f43c6d5cc229112d4ec83286b382ed9ef09f6b0659352a9a85e4cc6c0cce507,16249770,1671826751,23/12/2022 20:19,0x826ecd3932fa70f15ed25fa44f9177ec5ebe582b,0xc6108f89578c8394dda250626d63f9a334a872fa,,0.134218847,0,221.761748,0.000281153,0.464531978,1219.97,,,Transfer,
0xcc5bf551fbc9c44dff31682447416c3090a73cb71121e78543fad3d03f633502,16249773,1671826787,23/12/2022 20:19,0xa1c7fb8cb261ae26c0aefcd9edecba7860ba69c2,0xc6108f89578c8394dda250626d63f9a334a872fa,,0.117035709,0,193.3710794,0.000364291,0.601896562,1219.97,,,Transfer,
0x0834f5f1312f63ed5ce1ce200995eb6999ffebc3d04e66999bbdf9b7df18828d,16249777,1671826835,23/12/2022 20:20,0x01dbe76cde7ec8d7b20592e4f8251f9196aa9738,0xc6108f89578c8394dda250626d63f9a334a872fa,,0.045375905,0,74.97188514,0.000354985,0.586520556,1219.97,,,Transfer,
0x8c9cfb85e277bf2d064c3314d671a2c22723eb537a5d0d6b6834e97dbf3537d0,16249785,1671826931,23/12/2022 20:22,0xe5ecf5a15bd0b1d274d1e591a7f7ab768dfd1192,0xc6108f89578c8394dda250626d63f9a334a872fa,,0.64897711,0,1072.265939,0.00032053,0.529593285,1219.97,,,Transfer,
0x476276f7bfbfab178097e4eaa9293b98fe20fc6c01f34f588b1d732e869fb2dd,16267290,1672037963,26/12/2022 06:59,0x826ecd3932fa70f15ed25fa44f9177ec5ebe582b,0xc6108f89578c8394dda250626d63f9a334a872fa,,0.099225047,0,163.9435923,0.000255783,0.422614258,1227.3,,,Transfer,
0x1f8796e2a4c5486d9f9800a1556b4e4a3e83394166d467aadec3a8777957884d,16267292,1672037987,26/12/2022 06:59,0xa1c7fb8cb261ae26c0aefcd9edecba7860ba69c2,0xc6108f89578c8394dda250626d63f9a334a872fa,,1.305251721,0,2156.589103,0.000250679,0.414182285,1227.3,,,Transfer,
0xb861971055b1925415eef9b2a597a3ce1b1c50e0c7060974f68c4bcae963a002,16267296,1672038035,26/12/2022 07:00,0x7cd29eeed887b8f9a15d5d0a9d59dd7c9ede8875,0xc6108f89578c8394dda250626d63f9a334a872fa,,0.55605359,0,918.7339838,0.00024641,0.407128183,1227.3,,,Transfer,
0xc632c443c7dadd76e6a9cdc93ea2a6848f78a113c007dd383bee7ffa20a9c3d0,16267299,1672038071,26/12/2022 07:01,0xe5ecf5a15bd0b1d274d1e591a7f7ab768dfd1192,0xc6108f89578c8394dda250626d63f9a334a872fa,,0.125928218,0,208.0636382,0.000271782,0.449049779,1227.3,,,Transfer,
0x5a422ce84425a30b09e5c64a0aa272f30430b4c357d1ba3b03fd8f4f7376e4b6,16270432,1672075859,26/12/2022 17:30,0x85e09d2e9d56f047658e7f5cd397625a2bf65ea8,0xc6108f89578c8394dda250626d63f9a334a872fa,,1.134929085,0,1875.175232,0.000332156,0.54880105,1227.3,,,Transfer,
0x560834ce71023ebeffa7e2ed9747d60b7162ea098fb4caf034849af99182125a,16270534,1672077083,26/12/2022 17:51,0x7cd29eeed887b8f9a15d5d0a9d59dd7c9ede8875,0xc6108f89578c8394dda250626d63f9a334a872fa,,1.344659944,0,2221.700946,0.000276936,0.457564101,1227.3,,,Transfer,
0xc8ba470c793854e385e9083137cf6f65eba456015ac9dfde75c4a3a605dfdb4f,16270543,1672077191,26/12/2022 17:53,0xa1c7fb8cb261ae26c0aefcd9edecba7860ba69c2,0xc6108f89578c8394dda250626d63f9a334a872fa,,0.883596853,0,1459.914064,0.000269287,0.444926713,1227.3,,,Transfer,
0xe8018cfb7fa19d5c4c54420b020ef7ba736c012844fb57dbab30d42ba1ef61ba,16270552,1672077311,26/12/2022 17:55,0x7307b4ed516f249ef2bd6d93a704d4dee0bdaeeb,0xc6108f89578c8394dda250626d63f9a334a872fa,,0.105079931,0,173.6172646,0.000265309,0.438354716,1227.3,,,Transfer,
0xe4d6ea2cf6d1826f3d506e8cb24bee769e0746c2f597f4c3f0f1c5557b5f4e91,16282793,1672225007,28/12/2022 10:56,0xc6108f89578c8394dda250626d63f9a334a872fa,0xe28d14cab0a32070c9f45835b87bfcfc0aff8b97,,0,8.38,13845.7712,0.000298033,0.492422596,1189.27,,,Transfer,
0x4ddb5cee76d8fac3d013b2eb915ed615210c732eda6d6aecc835bd12697c68ff,16284511,1672245671,28/12/2022 16:41,0x8f2775716acc8a95feb350888dfc559d0318effb,0xc6108f89578c8394dda250626d63f9a334a872fa,,4.144331044,0,6847.429524,0.000447972,0.74015802,1189.27,,,Transfer,
0x40e745821eca720786461e43f1a2cad6a90b01845afaaa13b5e9a4617a0deb39,16284527,1672245863,28/12/2022 16:44,0x00e3b451f40d74212e00f7ecea3ef3ed966718fa,0xc6108f89578c8394dda250626d63f9a334a872fa,,0.395549766,0,653.5431453,0.000450234,0.743894719,1189.27,,,Transfer,
0x5dd8a05940fb9d0f482fbef4610565fbef24280ead59b93c34e47d6badc5156d,16284530,1672245899,28/12/2022 16:44,0x72b64809ace1cbd755e9b2a75ee18994fab80689,0xc6108f89578c8394dda250626d63f9a334a872fa,,0.214498582,0,354.4031369,0.000458262,0.757158658,1189.27,,,Transfer,
0xf69d17ff83ecd79726a94bcd0ea6a47c8dfe85ae1008ea7c545143641180921c,16284531,1672245911,28/12/2022 16:45,0xa1c7fb8cb261ae26c0aefcd9edecba7860ba69c2,0xc6108f89578c8394dda250626d63f9a334a872fa,,3.093857534,0,5111.795172,0.000452206,0.747152872,1189.27,,,Transfer,
0x76400fe639602af8be4bc72bce095ed517338811f8d2bcd4c24bf3f0e91dd5b4,16284533,1672245935,28/12/2022 16:45,0x0fb7e13b7c0254375ef0f42a85f86981562acf7c,0xc6108f89578c8394dda250626d63f9a334a872fa,,0.518733261,0,857.0718428,0.000476059,0.786564095,1189.27,,,Transfer,
0x9725ed2121d73f5d51e21c936510939f52ec9c48f27b18dd0a5fe6459c2ec8e3,16284535,1672245959,28/12/2022 16:45,0x7cd29eeed887b8f9a15d5d0a9d59dd7c9ede8875,0xc6108f89578c8394dda250626d63f9a334a872fa,,2.251471874,0,3719.971888,0.000467236,0.771986645,1189.27,,,Transfer,
0x02320cf9571e6049c7b6dcafe7807445b825175fdc5c3dd517fd934610ff6393,16284541,1672246031,28/12/2022 16:47,0xe5ecf5a15bd0b1d274d1e591a7f7ab768dfd1192,0xc6108f89578c8394dda250626d63f9a334a872fa,,1.924065403,0,3179.017822,0.000439607,0.726335645,1189.27,,,Transfer,
0x6a03446bb9e64f562e7c267136cbac57fdba7f3433221ad0766f6e810b2ea3b2,16291197,1672326347,29/12/2022 15:05,0xf0301fa8454313d253d0453ad1f624cd81c6a5fd,0xc6108f89578c8394dda250626d63f9a334a872fa,,1.757826284,0,2904.3509,0.0006752,1.11559312,1200.06,,,Transfer,
0x39e66e44df5b9d5f5daa4670ab8b75b5d5d044cc2f431e021b2d02c7ae3dcfa7,16291201,1672326395,29/12/2022 15:06,0xa83eaf1138a4a9c54e86845c22989497483e42d9,0xc6108f89578c8394dda250626d63f9a334a872fa,,3.763694806,0,6218.527107,0.000599244,0.990094599,1200.06,,,Transfer,
0xbed70ffff9dce49be72bce181f4c0d882e53990452b25bd41082641a646cbbaa,16291205,1672326443,29/12/2022 15:07,0xe5ecf5a15bd0b1d274d1e591a7f7ab768dfd1192,0xc6108f89578c8394dda250626d63f9a334a872fa,,0.412573676,0,681.6707303,0.000608868,1.005996629,1200.06,,,Transfer,
0x46df160ebc83e69b43012d93e16ddc71472e9f82d678f6e996d05e16fbf44e52,16335189,1672856579,04/01/2023 18:22,0xc6108f89578c8394dda250626d63f9a334a872fa,0xe28d14cab0a32070c9f45835b87bfcfc0aff8b97,,0,5,8261.2,0.000457245,0.755478426,1256.42,,,Transfer,
0xacc7f1c20a7bf42c4148a87adf1cf45d17a18c3bd1964bc228fafcfaf4971bd0,16335212,1672856855,04/01/2023 18:27,0xc6108f89578c8394dda250626d63f9a334a872fa,0xe28d14cab0a32070c9f45835b87bfcfc0aff8b97,,0,10,16522.4,0.000476545,0.787366882,1256.42,,,Transfer,
0xe0feeba8f5d99b094ddc25cde77b28cc0969a784f224ee319e6b29d44ac3282b,16335242,1672857215,04/01/2023 18:33,0xc6108f89578c8394dda250626d63f9a334a872fa,0xe28d14cab0a32070c9f45835b87bfcfc0aff8b97,,0,14,23131.36,0.000409756,0.677016038,1256.42,,,Transfer,
0xc477847c9be6486d73e5b664ef79670290a673e6f51d92d2a87518977cf64969,16342689,1672947035,05/01/2023 19:30,0xc6108f89578c8394dda250626d63f9a334a872fa,0x11999f4e0baf4d93cbfcbc21095c873fa6ec2d22,,0,5.321043921,8791.641607,0.000646142,1.067581262,1250.73,,,Transfer,